Timestamp,Expense_Date,Select_Load,Expense_Owner,Expense_Category,Amount,Payment_Method,Payment_Status,Load_ID,Expense_ID
2025-02-01 7:12:44,1/2/2025,,Dispatcher,Office Expense,120,Transfer,Paid,,EXP001
2025-02-01 18:35:09,1/6/2025,"LD007 | Hartford, CT → New York, NY | Northern Freight Logistics",Carrier,Fuel Advance,850,Cash,Paid,LD007 ,EXP002
2025-02-02 10:26:31,1/10/2025,"LD009 | Boston, MA → New York, NY | Apex Cargo Ltd",Carrier,Fuel Advance,920,Transfer,Paid,LD009 ,EXP003
2025-02-03 21:48:17,1/15/2025,,Dispatcher,Salary / Wages,1800,Card,Unpaid,,EXP004
2025-02-04 6:55:02,1/22/2025,"LD014 | Newark, NJ → Philadelphia, PA | Apex Cargo Ltd",Carrier,Fuel Advance,760,Transfer,Paid,LD014 ,EXP005
2025-02-05 14:19:53,1/29/2025,,Dispatcher,Software / Subscription,45,Transfer,Paid,,EXP006
2025-02-06 19:07:26,2/3/2025,"LD018 | Newark, NJ → Boston, MA | SafeWay Carriers",Carrier,Fuel Advance,980,Cash,Paid,LD018 ,EXP007
2025-02-07 9:33:41,2/7/2025,"LD021 | Baltimore, MD → Newark, NJ | RapidMove Transport",Carrier,Toll,65,Card,Paid,LD021 ,EXP008
2025-02-08 16:58:12,2/12/2025,,Dispatcher,Office Expense,150,Transfer,Unpaid,,EXP009
2025-02-09 22:11:37,2/18/2025,"LD025 | Hartford, CT → Philadelphia, PA | TransNation Logistics",Carrier,Maintenance / Repair,420,Transfer,Paid,LD025 ,EXP010
2025-02-10 8:47:05,2/25/2025,,Dispatcher,Salary / Wages,2000,Card,Paid,,EXP011
2025-02-11 13:25:49,3/4/2025,"LD029 | Baltimore, MD → Philadelphia, PA | Metro Haul Nigeria Ltd",Carrier,Fuel Advance,870,Cash,Paid,LD029 ,EXP012
2025-02-12 17:39:28,3/8/2025,"LD031 | Richmond, VA → Philadelphia, PA | Swift Haulage Ltd",Carrier,Lumper,95,Transfer,Paid,LD031 ,EXP013
2025-02-13 11:06:14,3/13/2025,,Dispatcher,Internet,60,Transfer,Unpaid,,EXP014
2025-02-14 20:52:33,3/19/2025,"LD036 | Hartford, CT → Richmond, VA | Apex Cargo Ltd",Carrier,Fuel Advance,910,Card,Paid,LD036 ,EXP015
2025-02-15 7:28:50,3/26/2025,,Dispatcher,Marketing,130,Transfer,Paid,,EXP016
2025-02-16 15:14:22,4/2/2025,"LD040 | Boston, MA → Richmond, VA | Northern Freight Logistics",Carrier,Fuel Advance,890,Cash,Paid,LD040 ,EXP017
2025-02-17 18:41:09,4/7/2025,"LD043 | Newark, NJ → Albany, NY | BlueStar Freight Ltd",Carrier,Toll,70,Transfer,Paid,LD043 ,EXP018
2025-02-18 9:05:36,4/11/2025,,Dispatcher,Office Expense,140,Card,Paid,,EXP019
2025-02-19 21:30:18,4/17/2025,"LD047 | Hartford, CT → Albany, NY | Swift Haulage Ltd",Carrier,Maintenance / Repair,450,Transfer,Unpaid,LD047 ,EXP020
2025-02-20 12:17:45,4/24/2025,,Dispatcher,Salary / Wages,2100,Transfer,Paid,,EXP021
2025-02-21 16:44:27,4/29/2025,"LD051 | Baltimore, MD → Albany, NY | BlueStar Freight Ltd",Carrier,Fuel Advance,880,Cash,Paid,LD051 ,EXP022
2025-02-22 8:59:11,5/5/2025,"LD053 | Richmond, VA → Albany, NY | Swift Haulage Ltd",Carrier,Detention / Layover,250,Card,Paid,LD053 ,EXP023
2025-02-23 19:22:53,5/9/2025,,Dispatcher,Software / Subscription,55,Transfer,Paid,,EXP024
2025-02-24 13:37:06,5/14/2025,"LD057 | Philadelphia, PA → Buffalo, NY | Eastern Cargo Movers",Carrier,Fuel Advance,930,Transfer,Unpaid,LD057 ,EXP025
2025-02-25 6:48:29,5/21/2025,,Dispatcher,Office Expense,160,Card,Paid,,EXP026
2025-02-26 17:55:40,5/28/2025,"LD061 | Boston, MA → Buffalo, NY | Swift Haulage Ltd",Carrier,Fuel Advance,870,Cash,Paid,LD061 ,EXP027
2025-02-27 10:03:58,6/3/2025,"LD063 | Baltimore, MD → Buffalo, NY | RapidMove Transport",Carrier,Toll,75,Transfer,Paid,LD063 ,EXP028
2025-02-28 22:26:15,6/7/2025,,Dispatcher,Salary / Wages,1900,Transfer,Paid,,EXP029
2025-03-02 9:41:33,6/12/2025,"LD067 | Philadelphia, PA → Jersey City, NJ | BlueStar Freight Ltd",Carrier,Maintenance / Repair,480,Card,Paid,LD067 ,EXP030
2025-03-05 14:56:07,6/18/2025,,Dispatcher,Office Expense,135,Transfer,Unpaid,,EXP031
2025-03-08 18:20:49,6/25/2025,"LD071 | Boston, MA → Jersey City, NJ | Swift Haulage Ltd",Carrier,Fuel Advance,900,Cash,Paid,LD071 ,EXP032
2025-03-12 7:34:21,7/2/2025,"LD073 | Baltimore, MD → Jersey City, NJ | RapidMove Transport",Carrier,Lumper,110,Transfer,Paid,LD073 ,EXP033
2025-03-16 20:15:02,7/8/2025,,Dispatcher,Internet,65,Card,Paid,,EXP034
2025-03-20 11:09:38,7/12/2025,"LD077 | Newark, NJ → Pittsburgh, PA | BlueStar Freight Ltd",Carrier,Fuel Advance,940,Transfer,Paid,LD077 ,EXP035
2025-03-25 16:43:27,7/17/2025,,Dispatcher,Marketing,120,Transfer,Unpaid,,EXP036
2025-04-02 8:17:55,7/23/2025,"LD081 | Hartford, CT → Pittsburgh, PA | Eastern Cargo Movers",Carrier,Fuel Advance,860,Cash,Paid,LD081 ,EXP037
2025-04-09 19:36:41,7/30/2025,"LD083 | Boston, MA → Pittsburgh, PA | BlueStar Freight Ltd",Carrier,Toll,68,Card,Paid,LD083 ,EXP038
2025-04-15 13:28:10,8/5/2025,,Dispatcher,Office Expense,155,Transfer,Paid,,EXP039
2025-04-22 21:04:36,8/9/2025,"LD087 | Richmond, VA → Pittsburgh, PA | RapidMove Transport",Carrier,Maintenance / Repair,500,Transfer,Paid,LD087 ,EXP040
2025-05-01 10:52:18,8/14/2025,,Dispatcher,Salary / Wages,2050,Card,Paid,,EXP041
2025-05-10 17:13:59,8/20/2025,"LD091 | Newark, NJ → New Haven, CT | BlueStar Freight Ltd",Carrier,Fuel Advance,890,Cash,Unpaid,LD091 ,EXP042
2025-05-18 7:45:26,8/27/2025,"LD093 | Philadelphia, PA → New Haven, CT | Eastern Cargo Movers",Carrier,Detention / Layover,270,Transfer,Paid,LD093 ,EXP043
2025-06-03 14:22:47,9/3/2025,,Dispatcher,Software / Subscription,50,Transfer,Paid,,EXP044
2025-06-20 18:51:34,9/9/2025,"LD097 | Richmond, VA → New Haven, CT | Swift Haulage Ltd",Carrier,Fuel Advance,920,Card,Paid,LD097 ,EXP045
2025-07-05 9:16:03,9/13/2025,,Dispatcher,Office Expense,145,Transfer,Paid,,EXP046
2025-07-21 20:33:12,9/18/2025,"LD101 | Philadelphia, PA → Worcester, MA | BlueStar Freight Ltd",Carrier,Fuel Advance,880,Cash,Unpaid,LD101 ,EXP047
2025-08-11 11:58:46,9/24/2025,"LD103 | Hartford, CT → Worcester, MA | Eastern Cargo Movers",Carrier,Toll,72,Transfer,Paid,LD103 ,EXP048
2025-09-02 16:27:05,10/1/2025,,Dispatcher,Salary / Wages,1950,Card,Paid,,EXP049
2025-09-25 8:36:51,10/7/2025,"LD107 | Richmond, VA → Worcester, MA | Swift Haulage Ltd",Carrier,Maintenance / Repair,460,Transfer,Paid,LD107 ,EXP050
2025-10-14 19:49:23,2025-10-11,,Dispatcher,Office Expense,150,Transfer,Paid,,EXP051
2025-11-06 13:05:17,2025-10-16,"LD112 | Baltimore, MD → Philadelphia, PA | Swift Haulage Ltd",Carrier,Fuel Advance,910,Cash,Paid,LD112 ,EXP052
2025-11-28 21:17:40,2025-10-22,"LD114 | Richmond, VA → Philadelphia, PA | Unity Haulage Services",Carrier,Insurance,300,Card,Unpaid,LD114 ,EXP053
2026-01-07 18:09:52,2025-11-05,"LD116 | Richmond, VA → Hartford, CT | Northern Freight Logistics",Carrier,Fuel Advance,940,Transfer,Paid,LD116 ,EXP054
2026-01-21 7:53:36,2025-11-12,,Dispatcher,Marketing,125,Card,Paid,,EXP055
2026-02-02 15:31:14,2025-11-19,"LD121 | Newark, NJ → Richmond, VA | Metro Haul Nigeria Ltd",Carrier,Fuel Advance,870,Cash,Paid,LD121 ,EXP056
2026-02-10 20:26:48,2025-12-03,"LD124 | Hartford, CT → Newark, NJ | Swift Haulage Ltd",Carrier,Toll,70,Transfer,Unpaid,LD124 ,EXP057
2026-02-18 9:42:05,2026-01-08,,Dispatcher,Office Expense,160,Transfer,Paid,,EXP058
2026-02-25 17:58:29,2026-02-14,"LD132 | Buffalo, NY → Philadelphia, PA | Swift Haulage Ltd",Carrier,Maintenance / Repair,520,Card,Paid,LD132 ,EXP059
2026-02-27 17:58:29,2026-02-27,,Dispatcher,Marketing,150,,Paid,,EXP060